Workbook

Sheet ecommerce_project
A1: product_id | B1: product_name | C1: category | D1: price | E1: rating | F1: risk_score | G1: sales | H1: Avg_Price | I1: Avg_Rating | J1: Median_sales | K1: Risk_Top20 | L1: Is_Exception
A2: 1 | B2: iPhone 15 Pro Max | C2: Electronics | D2: 1499 | E2: 2.1 | F2: 95 | G2: 120 | H2: =VLOOKUP(C2,Measures_table!A:E,2,FALSE) -> 712 | I2: =VLOOKUP(C2,Measures_table!A:E,3,FALSE) -> 3.16 | J2: =VLOOKUP(C2,Measures_table!A:E,4,FALSE) -> 420 | K2: =VLOOKUP(C2,Measures_table!A:E,5,FALSE) -> 93.8 | L2: =IF(AND(D2>H2, E2<I2, F2>=K2, G2<J2), TRUE, FALSE) -> TRUE
A3: 2 | B3: Samsung Galaxy S25 | C3: Electronics | D3: 1299 | E3: 4.2 | F3: 82 | G3: 450 | H3: =VLOOKUP(C3,Measures_table!A:E,2,FALSE) -> 712 | I3: =VLOOKUP(C3,Measures_table!A:E,3,FALSE) -> 3.16 | J3: =VLOOKUP(C3,Measures_table!A:E,4,FALSE) -> 420 | K3: =VLOOKUP(C3,Measures_table!A:E,5,FALSE) -> 93.8 | L3: =IF(AND(D3>H3, E3<I3, F3>=K3, G3<J3), TRUE, FALSE) -> FALSE
A4: 3 | B4: MacBook Pro 16" | C4: Electronics | D4: 2999 | E4: 1.8 | F4: 98 | G4: 85 | H4: =VLOOKUP(C4,Measures_table!A:E,2,FALSE) -> 712 | I4: =VLOOKUP(C4,Measures_table!A:E,3,FALSE) -> 3.16 | J4: =VLOOKUP(C4,Measures_table!A:E,4,FALSE) -> 420 | K4: =VLOOKUP(C4,Measures_table!A:E,5,FALSE) -> 93.8 | L4: =IF(AND(D4>H4, E4<I4, F4>=K4, G4<J4), TRUE, FALSE) -> TRUE
A5: 4 | B5: Sony WH-1000XM5 | C5: Electronics | D5: 399 | E5: 4.5 | F5: 25 | G5: 850 | H5: =VLOOKUP(C5,Measures_table!A:E,2,FALSE) -> 712 | I5: =VLOOKUP(C5,Measures_table!A:E,3,FALSE) -> 3.16 | J5: =VLOOKUP(C5,Measures_table!A:E,4,FALSE) -> 420 | K5: =VLOOKUP(C5,Measures_table!A:E,5,FALSE) -> 93.8 | L5: =IF(AND(D5>H5, E5<I5, F5>=K5, G5<J5), TRUE, FALSE) -> FALSE
A6: 5 | B6: Dyson V15 Vacuum | C6: Electronics | D6: 799 | E6: 3.9 | F6: 45 | G6: 420 | H6: =VLOOKUP(C6,Measures_table!A:E,2,FALSE) -> 712 | I6: =VLOOKUP(C6,Measures_table!A:E,3,FALSE) -> 3.16 | J6: =VLOOKUP(C6,Measures_table!A:E,4,FALSE) -> 420 | K6: =VLOOKUP(C6,Measures_table!A:E,5,FALSE) -> 93.8 | L6: =IF(AND(D6>H6, E6<I6, F6>=K6, G6<J6), TRUE, FALSE) -> FALSE
A7: 6 | B7: Rolex Submariner | C7: Fashion | D7: 12500 | E7: 1.7 | F7: 97 | G7: 35 | H7: =VLOOKUP(C7,Measures_table!A:E,2,FALSE) -> 2792 | I7: =VLOOKUP(C7,Measures_table!A:E,3,FALSE) -> 3.55 | J7: =VLOOKUP(C7,Measures_table!A:E,4,FALSE) -> 610 | K7: =VLOOKUP(C7,Measures_table!A:E,5,FALSE) -> 88 | L7: =IF(AND(D7>H7, E7<I7, F7>=K7, G7<J7), TRUE, FALSE) -> TRUE
A8: 7 | B8: Gucci Leather Handbag | C8: Fashion | D8: 2500 | E8: 2.3 | F8: 88 | G8: 95 | H8: =VLOOKUP(C8,Measures_table!A:E,2,FALSE) -> 2792 | I8: =VLOOKUP(C8,Measures_table!A:E,3,FALSE) -> 3.55 | J8: =VLOOKUP(C8,Measures_table!A:E,4,FALSE) -> 610 | K8: =VLOOKUP(C8,Measures_table!A:E,5,FALSE) -> 88 | L8: =IF(AND(D8>H8, E8<I8, F8>=K8, G8<J8), TRUE, FALSE) -> FALSE
A9: 8 | B9: Louis Vuitton Wallet | C9: Fashion | D9: 1200 | E9: 4.1 | F9: 35 | G9: 320 | H9: =VLOOKUP(C9,Measures_table!A:E,2,FALSE) -> 2792 | I9: =VLOOKUP(C9,Measures_table!A:E,3,FALSE) -> 3.55 | J9: =VLOOKUP(C9,Measures_table!A:E,4,FALSE) -> 610 | K9: =VLOOKUP(C9,Measures_table!A:E,5,FALSE) -> 88 | L9: =IF(AND(D9>H9, E9<I9, F9>=K9, G9<J9), TRUE, FALSE) -> FALSE
A10: 9 | B10: Nike Air Max 90 | C10: Fashion | D10: 150 | E10: 4.4 | F10: 22 | G10: 1200 | H10: =VLOOKUP(C10,Measures_table!A:E,2,FALSE) -> 2792 | I10: =VLOOKUP(C10,Measures_table!A:E,3,FALSE) -> 3.55 | J10: =VLOOKUP(C10,Measures_table!A:E,4,FALSE) -> 610 | K10: =VLOOKUP(C10,Measures_table!A:E,5,FALSE) -> 88 | L10: =IF(AND(D10>H10, E10<I10, F10>=K10, G10<J10), TRUE, FALSE) -> FALSE
A11: 10 | B11: Adidas Ultraboost | C11: Fashion | D11: 200 | E11: 4.3 | F11: 28 | G11: 950 | H11: =VLOOKUP(C11,Measures_table!A:E,2,FALSE) -> 2792 | I11: =VLOOKUP(C11,Measures_table!A:E,3,FALSE) -> 3.55 | J11: =VLOOKUP(C11,Measures_table!A:E,4,FALSE) -> 610 | K11: =VLOOKUP(C11,Measures_table!A:E,5,FALSE) -> 88 | L11: =IF(AND(D11>H11, E11<I11, F11>=K11, G11<J11), TRUE, FALSE) -> FALSE
A12: 11 | B12: Expensive Coffee Table Book | C12: Books | D12: 120 | E12: 2.4 | F12: 82 | G12: 110 | H12: =VLOOKUP(C12,Measures_table!A:E,2,FALSE) -> 120 | I12: =VLOOKUP(C12,Measures_table!A:E,3,FALSE) -> 2.4 | J12: =VLOOKUP(C12,Measures_table!A:E,4,FALSE) -> 110 | K12: =VLOOKUP(C12,Measures_table!A:E,5,FALSE) -> 82 | L12: =IF(AND(D12>H12, E12<I12, F12>=K12, G12<J12), TRUE, FALSE) -> FALSE
A13: 12 | B13: Overpriced USB Cable | C13: Electronics | D13: 50 | E13: 1.9 | F13: 92 | G13: 60 | H13: =VLOOKUP(C13,Measures_table!A:E,2,FALSE) -> 712 | I13: =VLOOKUP(C13,Measures_table!A:E,3,FALSE) -> 3.16 | J13: =VLOOKUP(C13,Measures_table!A:E,4,FALSE) -> 420 | K13: =VLOOKUP(C13,Measures_table!A:E,5,FALSE) -> 93.8 | L13: =IF(AND(D13>H13, E13<I13, F13>=K13, G13<J13), TRUE, FALSE) -> FALSE
... A21: 20 | B21: Casual Watch | C21: Fashion | D21: 200 | E21: 4.5 | F21: 30 | G21: 900 | H21: =VLOOKUP(C21,Measures_table!A:E,2,FALSE) -> 2792 | I21: =VLOOKUP(C21,Measures_table!A:E,3,FALSE) -> 3.55 | J21: =VLOOKUP(C21,Measures_table!A:E,4,FALSE) -> 610 | K21: =VLOOKUP(C21,Measures_table!A:E,5,FALSE) -> 88 | L21: =IF(AND(D21>H21, E21<I21, F21>=K21, G21<J21), TRUE, FALSE) -> FALSE
H22: =VLOOKUP(C22,#REF!,2,FALSE) -> #REF! | I22: =VLOOKUP(C22,#REF!,3,FALSE) -> #REF! | J22: =VLOOKUP(C22,#REF!,4,FALSE) -> #REF! | K22: =VLOOKUP(C22,#REF!,5,FALSE) -> #REF! | L22: =IF(AND(D22>H22, E22<I22, F22>=K22, G22<J22), TRUE, FALSE) -> #REF!
H23: =VLOOKUP(C23,#REF!,2,FALSE) -> #REF! | I23: =VLOOKUP(C23,#REF!,3,FALSE) -> #REF! | J23: =VLOOKUP(C23,#REF!,4,FALSE) -> #REF! | K23: =VLOOKUP(C23,#REF!,5,FALSE) -> #REF! | L23: =IF(AND(D23>H23, E23<I23, F23>=K23, G23<J23), TRUE, FALSE) -> #REF!
H24: =VLOOKUP(C24,#REF!,2,FALSE) -> #REF! | I24: =VLOOKUP(C24,#REF!,3,FALSE) -> #REF! | J24: =VLOOKUP(C24,#REF!,4,FALSE) -> #REF! | K24: =VLOOKUP(C24,#REF!,5,FALSE) -> #REF! | L24: =IF(AND(D24>H24, E24<I24, F24>=K24, G24<J24), TRUE, FALSE) -> #REF!

Sheet Measures_table
A1: Category | B1: Avg_Price | C1: Avg_Rating | D1: Median_Sales | E1: Risk_Top20
A2: Books | B2: 120 | C2: 2.4 | D2: 110 | E2: 82
A3: Electronics | B3: 712 | C3: 3.16 | D3: 420 | E3: 93.8
A4: Fashion | B4: 2792 | C4: 3.55 | D4: 610 | E4: 88

Sheet Final_Results
A1: PRICING VS SATISFACTION EXCEPTION DETECTION
A4: product_id | B4: product_name | C4: category | D4: price | E4: rating | F4: risk_score | G4: sales | H4: Business_Action | I4: Priority | J4: Is_Exception
A5: 1 | B5: iPhone 15 Pro Max | C5: Electronics | D5: 1499 | E5: 2.1 | F5: 95 | G5: 120 | H5: REMOVE | I5: HIGH | J5: TRUE
A6: 3 | B6: MacBook Pro 16" | C6: Electronics | D6: 2999 | E6: 1.8 | F6: 98 | G6: 85 | H6: RE-PRICE (-20%) | I6: MEDIUM | J6: TRUE
A7: 6 | B7: Rolex Submariner | C7: Fashion | D7: 12500 | E7: 1.7 | F7: 97 | G7: 35 | H7: QUALITY AUDIT | I7: HIGH | J7: TRUE
